playerID,birthYear,birthMonth,birthDay,birthCountry,birthState,birthCity,deathYear,deathMonth,deathDay,deathCountry,deathState,deathCity,nameFirst,nameLast,nameGiven,weight,height,bats,throws,debut,finalGame,retroID,bbrefID
adamsch01,1994,8,10,USA,AZ,Scottsdale,,,,,,,Chance,Adams,Chance,225,73,R,R,2018-08-04,2019-09-27,adamc002,adamsch01
adamsla01,1989,11,13,USA,OK,Talihina,,,,,,,Lane,Adams,Lane Weston,220,76,R,R,2014-09-01,2018-09-30,adaml001,adamsla01
albieoz01,1997,1,7,Curacao,,Willemstad,,,,,,,Ozzie,Albies,Ozhaino Jurdy Jiandro,165,68,B,R,2017-08-01,2019-09-29,albio001,albieoz01
alonspe01,1994,12,7,USA,FL,Tampa,,,,,,,Pete,Alonso,Peter Morgan,245,75,R,R,2019-03-28,2019-09-29,alonp001,alonspe01
altheaa01,1991,1,14,Germany,Rhineland-Palatinate,Landstuhl,,,,,,,Aaron,Altherr,Aaron Samuel,215,77,R,R,2014-06-16,2019-08-23,altha001,altheaa01
anderju01,1992,9,28,USA,TX,Houston,,,,,,,Justin,Anderson,Justin Charles,230,75,L,R,2018-04-23,2019-09-29,andej005,anderju01
andruel01,1988,8,26,Venezuela,Aragua,Maracay,,,,,,,Elvis,Andrus,Elvis Augusto,200,72,R,R,2009-04-06,2019-09-29,andre001,andruel01
arozara01,1995,2,28,Cuba,La Habana,La Habana,,,,,,,Randy,Arozarena,Randy,170,71,R,R,2019-08-14,2019-09-29,arozr001,arozara01
axforjo01,1983,4,1,CAN,ON,Simcoe,,,,,,,John,Axford,John Berton,234,77,R,R,2009-09-15,2018-09-21,axfoj001,axforjo01
baderha01,1994,6,3,USA,NY,Bronxville,,,,,,,Harrison,Bader,Harrison Joseph,195,72,R,R,2017-07-25,2019-09-29,badeh001,baderha01
barnema01,1990,6,17,USA,CT,Danbury,,,,,,,Matt,Barnes,Matthew D.,210,76,R,R,2014-09-09,2019-09-29,barnm001,barnema01
baronst01,1990,12,7,USA,FL,Miami,,,,,,,Steven,Baron,Steven Phillip,205,72,R,R,2015-09-09,2019-09-28,baros002,baronst01
bassan01,1987,11,1,USA,MI,Dearborn,,,,,,,Anthony,Bass,Anthony Edward,200,74,R,R,2011-06-13,2019-09-29,bassa001,bassan01
bedroca01,1991,10,2,USA,GA,Senoia,,,,,,,Cam,Bedrosian,Cameron Rock,225,73,R,R,2014-06-03,2019-08-28,bedrc001,bedroca01
belljo02,1992,8,14,USA,TX,Irving,,,,,,,Josh,Bell,Joshua Evan,240,76,B,R,2016-07-08,2019-09-13,bellj005,belljo02
beninan01,1994,7,6,USA,OH,Cincinnati,,,,,,,Andrew,Benintendi,Andrew S.,170,70,L,L,2016-08-02,2019-09-26,benia002,beninan01
bettsmo01,1992,10,7,USA,TN,Nashville,,,,,,,Mookie,Betts,Markus Lynn,180,69,R,R,2014-06-29,2019-09-29,bettm001,bettsmo01
biagijo01,1990,5,29,USA,CA,Menlo Park,,,,,,,Joe,Biagini,Joseph Carlo,235,77,R,R,2016-04-08,2019-09-26,biagj001,biagijo01
bichebo01,1998,3,5,USA,FL,Orlando,,,,,,,Bo,Bichette,Bo Joseph,185,72,R,R,2019-07-29,2019-09-19,bichb001,bichebo01
biggica01,1995,4,11,USA,TX,Houston,,,,,,,Cavan,Biggio,Cavan Thomas,200,74,L,R,2019-05-24,2019-09-29,biggc002,biggica01
birdky01,1993,4,12,USA,FL,Orange Park,,,,,,,Kyle,Bird,Ronald Kyle,175,74,L,L,2019-03-28,2019-07-30,birdk001,birdky01
bourjpe01,1987,3,31,USA,IL,Park Ridge,,,,,,,Peter,Bourjos,Peter Christopher,190,73,R,R,2010-08-03,2019-05-04,bourp001,bourjpe01
bourju01,1988,5,28,USA,DC,Washington,,,,,,,Justin,Bour,Justin James,270,76,L,R,2014-06-05,2019-09-29,bourj002,bourju01
bradlja02,1990,4,19,USA,VA,Richmond,,,,,,,Jackie,Bradley,Jackie,200,70,L,R,2013-04-01,2019-09-29,bradj001,bradlja02
brasiry01,1987,8,26,USA,TX,Wichita Falls,,,,,,,Ryan,Brasier,Ryan David,225,72,R,R,2013-05-02,2019-09-28,brasr001,brasiry01
braulst01,1992,4,29,USA,CA,La Mesa,,,,,,,Steven,Brault,Steven Joseph,195,72,L,L,2016-07-05,2019-09-28,braus002,braulst01
breweco01,1992,10,29,USA,TX,Dallas,,,,,,,Colten,Brewer,Colten B.,230,76,R,R,2018-04-12,2019-09-28,brewc002,breweco01
brothre01,1987,12,18,USA,TN,Unionville,,,,,,,Rex,Brothers,Rex Colman,205,72,L,L,2011-06-06,2018-03-29,brotr001,brothre01
broxtke01,1990,5,7,USA,FL,Lakeland,,,,,,,Keon,Broxton,Keon Darell,195,75,R,R,2015-09-21,2019-09-28,broxk001,broxtke01
buchtry01,1987,2,13,USA,PA,Reading,,,,,,,Ryan,Buchter,Ryan James,232,76,L,L,2014-06-20,2019-09-29,buchr001,buchtry01
buttrty01,1993,3,31,USA,NC,Matthews,,,,,,,Ty,Buttrey,Ty Douglas,240,78,L,R,2018-08-16,2019-09-27,buttt001,buttrty01
cabreas01,1985,11,13,Venezuela,Anzoategui,Puerto La Cruz,,,,,,,Asdrubal,Cabrera,Asdrubal Jose,205,72,B,R,2007-08-08,2019-09-28,cabra002,cabreas01
cahiltr01,1988,3,1,USA,CA,Oceanside,,,,,,,Trevor,Cahill,Trevor John,230,76,R,R,2009-04-07,2019-09-27,cahit001,cahiltr01
calhoko01,1987,10,14,USA,AZ,Buckeye,,,,,,,Kole,Calhoun,Kole Alan,215,70,L,L,2012-05-22,2019-09-29,calhk001,calhoko01
cessalu01,1992,4,25,Mexico,Veracruz,Cordoba,,,,,,,Luis,Cessa,Luis Enrique,210,72,R,R,2016-04-08,2019-09-28,cessl001,cessalu01
chapmma01,1993,4,28,USA,CA,Victorville,,,,,,,Matt,Chapman,Matt James,220,72,R,R,2017-06-15,2019-09-28,chapm001,chapmma01
choosh01,1982,7,13,South Korea,Busan,Busan,,,,,,,Shin-Soo,Choo,Shin-Soo,210,71,L,L,2005-04-21,2019-09-29,choos001,choosh01
clippty01,1985,2,14,USA,KY,Lexington,,,,,,,Tyler,Clippard,Tyler Lee,200,75,R,R,2007-05-20,2019-09-25,clipt001,clippty01
colliti01,1989,8,21,USA,MA,Worcester,,,,,,,Tim,Collins,Timothy Michael,170,67,L,L,2011-03-31,2019-07-23,collt001,colliti01
confomi01,1993,3,1,USA,WA,Seattle,,,,,,,Michael,Conforto,Michael Thomas,215,73,L,R,2015-07-24,2019-09-29,confm001,confomi01
couloda01,1989,10,26,USA,MO,St. Louis,,,,,,,Danny,Coulombe,Daniel Paul,190,70,L,L,2014-09-16,2018-09-01,could001,couloda01
cozarza01,1985,8,12,USA,TN,Memphis,,,,,,,Zack,Cozart,Zachary Warren,204,72,R,R,2011-07-07,2019-05-26,cozaz001,cozarza01
crawfjp01,1995,1,11,USA,CA,Long Beach,,,,,,,J. P.,Crawford,John Paul,180,74,L,R,2017-09-05,2019-09-29,crawj002,crawfjp01
culbech01,1989,4,10,USA,GA,Rome,,,,,,,Charlie,Culberson,Charles Edward,200,72,R,R,2012-05-13,2019-09-14,culbc001,culbech01
curtijo02,1993,4,5,USA,TX,Dallas,,,,,,,John,Curtiss,John Pickens,220,77,R,R,2017-08-25,2019-04-15,curtj003,curtijo02
davisjd01,1993,4,27,USA,CA,Elk Grove,,,,,,,J. D.,Davis,Jonathan Gregory,225,75,R,R,2017-08-05,2019-09-29,davij006,davisjd01
daviskh01,1987,12,21,USA,CA,Lakewood,,,,,,,Khris,Davis,Khristopher Adrian,203,71,R,R,2013-04-01,2019-09-29,davik003,daviskh01
dejonpa01,1993,8,2,USA,FL,Orlando,,,,,,,Paul,DeJong,Paul Sterling,200,72,R,R,2017-05-28,2019-09-29,dejop001,dejonpa01
deshide02,1992,8,16,USA,MD,Easton,,,,,,,Delino,DeShields,Delino Diaab,200,69,R,R,2015-04-08,2019-09-29,deshd002,deshide02
deverra01,1996,10,24,D.R.,Samana,Sanchez,,,,,,,Rafael,Devers,Rafael Calcano,237,72,L,R,2017-07-25,2019-09-29,dever001,deverra01
diazal02,1990,8,1,Cuba,,Santa Clara,,,,,,,Aledmys,Diaz,Aledmys,195,73,R,R,2016-04-05,2019-09-29,diaza003,diazal02
diazel01,1990,11,17,Venezuela,Zulia,Maracaibo,,,,,,,Elias,Diaz,Elias David,220,73,R,R,2015-09-12,2019-09-21,diaze005,diazel01
difowi01,1992,4,2,D.R.,Santiago,Santiago de los Caballeros,,,,,,,Wilmer,Difo,Wilmer Francisco,200,71,B,R,2015-05-19,2019-09-29,difow001,difowi01
dowdyky01,1993,2,3,USA,CA,Escondido,,,,,,,Kyle,Dowdy,Kyle Alexander,195,73,R,R,2019-03-28,2019-05-26,dowdk001,dowdyky01
drurybr01,1992,8,21,USA,OR,Grants Pass,,,,,,,Brandon,Drury,Brandon S.,215,74,R,R,2015-09-01,2019-09-28,drurb001,drurybr01
eatonad02,1988,12,6,USA,OH,Springfield,,,,,,,Adam,Eaton,Adam Cory,176,69,L,L,2012-09-04,2019-09-29,eatoa002,eatonad02
edmanto01,1995,5,9,USA,CA,San Diego,,,,,,,Tommy,Edman,Thomas Hyunsu,180,70,B,R,2019-06-08,2019-09-29,edmat001,edmanto01
eovalna01,1990,2,13,USA,TX,Houston,,,,,,,Nathan,Eovaldi,Nathan Edward,225,74,R,R,2011-08-06,2019-09-27,eovan001,eovalna01
estrama01,1983,7,5,Mexico,Sonora,Sonora,,,,,,,Marco,Estrada,Marco Rene,180,72,R,R,2008-08-20,2019-04-16,estrm001,estrama01
familje01,1989,10,10,D.R.,Distrito Nacional,Santo Domingo,,,,,,,Jeurys,Familia,Jeurys,240,75,R,R,2012-09-04,2019-09-28,famij001,familje01
fernaju01,1997,3,2,D.R.,Distrito Nacional,Santo Domingo,,,,,,,Junior,Fernandez,Junior Fabio,180,73,R,R,2019-08-11,2019-09-27,fernj006,fernaju01
fishede01,1993,8,21,USA,PA,Lebanon,,,,,,,Derek,Fisher,Derek Joseph,205,75,L,R,2017-06-14,2019-09-29,fishd001,fishede01
flahery01,1986,7,27,USA,ME,Portland,,,,,,,Ryan,Flaherty,Ryan Edward,205,75,L,R,2012-04-07,2019-09-29,flahr001,flahery01
fletcda02,1994,5,31,USA,CA,Orange,,,,,,,David,Fletcher,David Owen,185,69,R,R,2018-06-13,2019-09-29,fletd002,fletcda02
floripe01,1986,12,10,D.R.,La Romana,La Romana,,,,,,,Pedro,Florimon,Pedro Alexander,185,74,B,R,2011-09-10,2018-09-27,florp001,floripe01
flowety01,1986,1,24,USA,GA,Roswell,,,,,,,Tyler,Flowers,Cole Tyler,260,76,R,R,2009-09-03,2019-09-27,flowt001,flowety01
forsylo01,1987,1,14,USA,TN,Memphis,,,,,,,Logan,Forsythe,John Logan,195,73,R,R,2011-05-04,2019-09-08,forsl001,forsylo01
fowlede01,1986,3,22,USA,GA,Atlanta,,,,,,,Dexter,Fowler,William Dexter,195,77,B,R,2008-09-02,2019-09-29,fowld001,fowlede01
francma02,1992,8,26,D.R.,Azua,Azua,,,,,,,Maikel,Franco,Maikel Antonio,215,73,R,R,2014-09-02,2019-09-29,franm004,francma02
fraziad01,1991,12,14,USA,GA,Athens,,,,,,,Adam,Frazier,Adam Timothy,180,70,L,R,2016-06-24,2019-09-29,fraza001,fraziad01
frazicl01,1994,9,6,USA,GA,Decatur,,,,,,,Clint,Frazier,Clint Jackson,190,73,R,R,2017-07-01,2019-09-29,frazc001,frazicl01
frazito01,1986,2,12,USA,NJ,Point Pleasant,,,,,,,Todd,Frazier,Todd Brian,220,75,R,R,2011-05-23,2019-09-29,frazt001,frazito01
freemfr01,1989,9,12,USA,CA,Fountain Valley,,,,,,,Freddie,Freeman,Frederick Charles,220,77,L,R,2010-09-01,2019-09-29,freef001,freemfr01
freemsa01,1987,6,24,USA,TX,Houston,,,,,,,Sam,Freeman,Samuel Douglas,180,71,R,L,2012-06-01,2019-04-23,frees001,freemsa01
gagnodr01,1990,6,26,USA,CA,Columbia,,,,,,,Drew,Gagnon,Andrew Miles,215,76,R,R,2018-07-10,2019-09-25,gagnd001,gagnodr01
gallojo01,1993,11,19,USA,NV,Henderson,,,,,,,Joey,Gallo,Joseph Nicholas,235,77,L,R,2015-06-02,2019-07-23,gallj002,gallojo01
galvifr01,1989,11,14,Venezuela,Falcon,Punto Fijo,,,,,,,Freddy,Galvis,Freddy Jose,185,70,B,R,2012-04-05,2019-09-14,galvf001,galvifr01
garcija01,1980,7,25,D.R.,San Cristobal,San Cristobal,,,,,,,Santiago,Casilla,Santiago,210,72,R,R,2004-08-09,2018-07-13,garcj002,garcija01
garcilu03,1987,1,30,D.R.,Distrito Nacional,Santo Domingo,,,,,,,Luis,Garcia,Luis Amado,240,74,R,R,2013-07-10,2019-09-29,garcl005,garcilu03
gardnbr01,1983,8,24,USA,SC,Holly Hill,,,,,,,Brett,Gardner,Brett M.,195,71,L,L,2008-06-30,2019-09-29,gardb001,gardnbr01
gavigsa01,1990,5,22,USA,OR,Ashland,,,,,,,Sam,Gaviglio,Samuel Joseph,205,74,R,R,2017-05-11,2019-09-28,gavis001,gavigsa01
gearrco01,1986,4,14,USA,TN,Chattanooga,,,,,,,Cory,Gearrin,Cory Nathanial,205,73,R,R,2011-04-25,2019-09-28,gearc001,gearrco01
goldspa01,1987,9,10,USA,DE,Wilmington,,,,,,,Paul,Goldschmidt,Paul Edward,225,75,R,R,2011-08-01,2019-09-29,goldp001,goldspa01
gomezca01,1985,12,4,D.R.,Santiago,Santiago,,,,,,,Carlos,Gomez,Carlos Argelis,220,75,R,R,2007-05-13,2019-06-29,gomec002,gomezca01
goodwbr01,1990,11,2,USA,NC,Rocky Mount,,,,,,,Brian,Goodwin,Brian Christopher,200,72,L,R,2016-08-06,2019-09-29,goodb001,goodwbr01
gordode01,1988,4,22,USA,FL,Windermere,,,,,,,Dee,Gordon,Devaris,170,71,L,R,2011-06-06,2019-09-29,gordd002,gordode01
gosseda01,1992,11,13,USA,SC,Lyman,,,,,,,Daniel,Gossett,Daniel James,192,72,R,R,2017-06-14,2018-06-03,gossd001,gosseda01
grandcu01,1981,3,16,USA,IL,Blue Island,,,,,,,Curtis,Granderson,Curtis,200,73,L,R,2004-09-13,2019-09-29,granc001,grandcu01
grichra01,1991,8,13,USA,TX,Rosenberg,,,,,,,Randal,Grichuk,Randal Alexander,213,74,R,R,2014-04-28,2019-09-29,gricr001,grichra01
grossro01,1989,9,16,USA,CA,San Diego,,,,,,,Robbie,Grossman,Robert Edward,215,72,B,L,2013-04-24,2019-09-29,grosr001,grossro01
grotzza01,1993,2,17,USA,CA,San Mateo,,,,,,,Zac,Grotz,Zac,195,74,R,R,2019-08-02,2019-09-29,grotz001,grotzza01
guerrvl02,1999,3,16,CAN,QC,Montreal,,,,,,,Vladimir,Guerrero,Vladimir,250,74,R,R,2019-04-26,2019-09-27,guerv002,guerrvl02
guilbta01,1993,5,12,USA,LA,Baton Rouge,,,,,,,Taylor,Guilbeau,Taylor Michael,180,76,L,L,2019-08-17,2019-09-28,guilt001,guilbta01
guilllu01,1994,9,27,Venezuela,Distrito Federal,Caracas,,,,,,,Luis,Guillorme,Luis Miguel,195,70,L,R,2018-05-11,2019-09-29,guill001,guilllu01
gurrilo01,1993,10,10,Cuba,,Sancti Spiritus,,,,,,,Lourdes,Gurriel,Lourdes Yunielki,215,75,R,R,2018-04-20,2019-09-21,gurrl001,gurrilo01
harpebr03,1992,10,16,USA,NV,Las Vegas,,,,,,,Bryce,Harper,Bryce Aron Max,220,75,L,R,2012-04-28,2019-09-29,harpb003,harpebr03
hartlge01,1993,12,9,USA,IL,Highland,,,,,,,Geoff,Hartlieb,Geoffery Thomas,235,77,R,R,2019-05-18,2019-09-20,hartg001,hartlge01
hatchch02,1985,1,12,USA,NC,Kinston,,,,,,,Chris,Hatcher,David Christopher,200,73,B,R,2010-09-19,2018-09-30,hatcc002,hatchch02
hechaad01,1989,4,15,Cuba,Santiago de Cuba,Santiago de Cuba,,,,,,,Adeiny,Hechavarria,Adeiny,195,72,R,R,2012-08-04,2019-09-29,hecha001,hechaad01
hernace02,1990,5,23,Venezuela,Carabobo,Valencia,,,,,,,Cesar,Hernandez,Cesar Augusto,160,70,B,R,2013-05-29,2019-09-29,hernc005,hernace02
hernate01,1992,10,15,D.R.,Sanchez Ramirez,Cotui,,,,,,,Teoscar,Hernandez,Teoscar Jose,205,74,R,R,2016-08-12,2019-09-29,hernt002,hernate01
herreod01,1991,12,29,Venezuela,Anzoategui,San Jose,,,,,,,Odubel,Herrera,David Odubel,200,71,L,R,2015-04-06,2019-05-26,herro001,herreod01
holmecl01,1993,3,27,USA,AL,Dothan,,,,,,,Clay,Holmes,Clayton Walter,225,77,R,R,2018-04-06,2019-09-28,holmc001,holmecl01
holtbr01,1988,6,11,USA,TX,Fort Worth,,,,,,,Brock,Holt,Brock Wyatt,180,68,L,R,2012-09-01,2019-09-29,holtb002,holtbr01
hoskirh01,1993,3,17,USA,CA,Sacramento,,,,,,,Rhys,Hoskins,Rhys Dean,225,76,R,R,2017-08-10,2019-09-29,hoskr001,hoskirh01
hudsoda01,1987,3,9,USA,VA,Lynchburg,,,,,,,Daniel,Hudson,Daniel Claiborne,225,75,R,R,2009-09-04,2019-09-28,hudsd001,hudsoda01
hundlni01,1983,9,8,USA,OR,Corvallis,,,,,,,Nick,Hundley,Nicholas John,203,72,R,R,2008-07-04,2019-06-08,hundn001,hundlni01
inciaen01,1990,10,29,Venezuela,Zulia,Maracaibo,,,,,,,Ender,Inciarte,Ender David,190,71,L,L,2014-05-02,2019-08-16,incie001,inciaen01
jacksed01,1983,9,9,Germany,Bavaria,Neu-Ulm,,,,,,,Edwin,Jackson,Edwin,215,74,R,R,2003-09-09,2019-09-28,jacke001,jacksed01
jewelja01,1993,5,16,USA,OK,Norman,,,,,,,Jake,Jewell,Jake R.,200,75,R,R,2018-06-16,2019-09-29,jewej001,jewelja01
joycema01,1984,8,3,USA,FL,Tampa,,,,,,,Matthew,Joyce,Matthew Ryan,200,74,L,R,2008-05-05,2019-09-29,joycm001,joycema01
kellesh01,1984,4,26,USA,KY,Louisville,,,,,,,Shawn,Kelley,Shawn Andrew,237,74,R,R,2009-04-10,2019-09-27,kells001,kellesh01
kiebosp01,1991,3,16,USA,SC,Mount Pleasant,,,,,,,Spencer,Kieboom,Spencer John,210,72,R,R,2016-10-02,2018-09-30,kiebs001,kiebosp01
kineris01,1995,3,23,USA,HI,Honolulu,,,,,,,Isiah,Kiner-Falefa,Isiah,176,70,R,R,2018-04-10,2019-09-28,kinei001,kineris01
kinghni01,1991,11,8,USA,TX,Houston,,,,,,,Nick,Kingham,Nicholas Gordon,235,77,R,R,2018-04-29,2019-08-02,kingn001,kinghni01
knappan01,1991,11,9,USA,CA,Roseville,,,,,,,Andrew,Knapp,Andrew Michael,195,73,B,R,2017-04-06,2019-09-29,knapa001,knappan01
kniznan01,1995,2,3,USA,VA,Glen Allen,,,,,,,Andrew,Knizner,Andrew Robert,200,73,R,R,2019-06-02,2019-09-25,kniza001,kniznan01
krameke01,1993,10,3,USA,CA,Turlock,,,,,,,Kevin,Kramer,Kevin Lowell,200,72,L,R,2018-09-05,2019-09-29,kramk001,krameke01
lagarju01,1989,3,17,D.R.,La Vega,Constanza,,,,,,,Juan,Lagares,Juan Osvaldo,215,73,R,R,2013-04-23,2019-09-29,lagaj001,lagarju01
lasteto01,1989,1,31,USA,NJ,Westwood,,,,,,,Tommy,La Stella,Thomas F.,180,71,L,R,2014-05-28,2019-09-29,lastt001,lasteto01
laurera01,1994,7,15,D.R.,Distrito Nacional,Santo Domingo,,,,,,,Ramon,Laureano,Ramon,200,71,R,R,2018-08-03,2019-09-28,laurr001,laurera01
lawde01,1990,9,14,USA,PA,Pittsburgh,,,,,,,Derek,Law,Derek Robert,215,75,R,R,2016-04-15,2019-09-28,law-d001,lawde01
leclejo01,1993,12,19,D.R.,Valverde,Esperanza,,,,,,,Jose,Leclerc,Jose Ramon,190,72,R,R,2016-07-06,2019-09-29,leclj001,leclejo01
lemahdj01,1988,7,13,USA,CA,Visalia,,,,,,,DJ,LeMahieu,David John,215,76,R,R,2011-05-30,2019-09-29,lemad001,lemahdj01
lopesti01,1994,6,24,USA,CA,Los Angeles,,,,,,,Tim,Lopes,Timothy A.,180,71,R,R,2019-07-24,2019-09-28,lopet001,lopesti01
lowrije01,1984,4,17,USA,OR,Salem,,,,,,,Jed,Lowrie,Jed Carlson,180,72,B,R,2008-04-15,2019-09-29,lowrj001,lowrije01
lucrojo01,1986,6,13,USA,FL,Eustis,,,,,,,Jonathan,Lucroy,Jonathan Charles,200,72,R,R,2010-05-21,2019-09-28,lucrj001,lucrojo01
lugose01,1989,11,17,USA,LA,Shreveport,,,,,,,Seth,Lugo,Jacob Seth,225,76,R,R,2016-07-01,2019-09-27,lugos001,lugose01
madsory01,1980,8,28,USA,CA,Long Beach,,,,,,,Ryan,Madson,Ryan Michael,234,78,L,R,2003-09-27,2018-09-29,madsr001,madsory01
magilma01,1989,11,10,USA,CA,Simi Valley,,,,,,,Matt,Magill,Matthew W.,210,75,R,R,2013-04-27,2019-09-28,magim001,magilma01
mailelu01,1991,2,6,USA,KY,Edgewood,,,,,,,Luke,Maile,Luke Richard,225,75,R,R,2015-09-01,2019-09-29,maill001,mailelu01
maldoma01,1986,8,16,P.R.,,Naguabo,,,,,,,Martin,Maldonado,Martin Benjamin,230,72,R,R,2011-09-03,2019-09-29,maldm001,maldoma01
markani01,1983,11,17,USA,NY,Glen Cove,,,,,,,Nick,Markakis,Nicholas William,210,73,L,L,2006-04-03,2019-09-29,markn001,markani01
markepa01,1990,9,15,USA,CA,Newport Beach,,,,,,,Parker,Markel,Parker Michael,240,77,R,R,2019-05-12,2019-09-28,markp001,markepa01
marteje01,1991,6,21,D.R.,La Romana,La Romana,,,,,,,Jefry,Marte,Jefry Leonal,220,73,R,R,2015-07-05,2018-09-30,martj007,marteje01
martest01,1988,10,9,D.R.,Distrito Nacional,Santo Domingo,,,,,,,Starling,Marte,Starling Javier,190,73,R,R,2012-07-26,2019-09-10,marts002,martest01
martijd02,1987,8,21,USA,FL,Miami,,,,,,,J. D.,Martinez,Julio Daniel,220,75,R,R,2011-07-30,2019-09-29,martj006,martijd02
martiru01,1983,2,15,CAN,ON,East York,,,,,,,Russell,Martin,Russell Nathan Coltrane,215,70,R,R,2006-05-05,2019-09-28,martr004,martiru01
maybica01,1987,4,4,USA,NC,Asheville,,,,,,,Cameron,Maybin,Cameron Keith,215,75,R,R,2007-08-17,2019-09-29,maybc001,maybica01
mayzati01,1992,1,15,USA,PA,Allentown,,,,,,,Tim,Mayza,Timothy Gerard,220,75,L,L,2017-08-15,2019-09-13,mayzt001,mayzati01
mazarno01,1995,4,26,D.R.,Distrito Nacional,Santo Domingo,,,,,,,Nomar,Mazara,Nomar Shamir,215,76,L,L,2016-04-10,2019-09-22,mazan001,mazarno01
mcclare01,1992,11,16,USA,GA,Duluth,,,,,,,Reggie,McClain,Reginald Kristen,180,74,R,R,2019-08-02,2019-09-29,mcclr001,mcclare01
mcguire01,1995,3,2,USA,WA,Seattle,,,,,,,Reese,McGuire,Reese Jackson,215,72,L,R,2018-09-06,2019-09-27,mcgur002,mcguire01
mckinbi01,1994,8,23,USA,TX,Dallas,,,,,,,Billy,McKinney,William Landis,205,73,L,L,2018-03-30,2019-09-29,mckib001,mckinbi01
mcneije01,1992,4,8,USA,CA,Santa Barbara,,,,,,,Jeff,McNeil,Jeff,195,73,L,R,2018-07-24,2019-09-25,mcnej002,mcneije01
middlke01,1993,9,12,USA,OR,Portland,,,,,,,Keynan,Middleton,Keynan Anthony,215,75,R,R,2017-05-05,2019-09-28,middk001,middlke01
milleju02,1987,6,13,USA,CA,Bakersfield,,,,,,,Justin,Miller,Justin Ryan,215,75,R,R,2014-04-18,2019-05-17,millj006,milleju02
millesh01,1990,10,10,USA,TX,Houston,,,,,,,Shelby,Miller,Shelby Charles,225,75,R,R,2012-09-05,2019-06-25,mills001,millesh01
milneho01,1991,1,13,USA,TX,Dallas,,,,,,,Hoby,Milner,Hoby Trey,175,75,L,L,2017-06-24,2019-09-05,milnh001,milneho01
molinya01,1982,7,13,P.R.,,Bayamon,,,,,,,Yadier,Molina,Yadier Benjamin,205,71,R,R,2004-06-03,2019-09-29,moliy001,molinya01
mooredy01,1992,8,2,USA,CA,Newport Beach,,,,,,,Dylan,Moore,Dylan,200,72,R,R,2019-03-20,2019-09-28,moord002,mooredy01
moralke01,1983,6,20,Cuba,Sancti Spiritus,Fomento,,,,,,,Kendrys,Morales,Kendrys,242,73,B,R,2006-05-23,2019-06-11,morak001,moralke01
moranco01,1992,10,1,USA,NY,Port Chester,,,,,,,Colin,Moran,Colin Richard,205,76,L,R,2016-05-18,2019-09-24,morac001,moranco01
morelmi01,1985,9,6,USA,MS,Amory,,,,,,,Mitch,Moreland,Mitchell Austin,230,74,L,L,2010-07-29,2019-09-29,morem001,morelmi01
morgaad01,1990,2,27,USA,FL,Tampa,,,,,,,Adam,Morgan,Adam Christopher,200,73,L,L,2015-06-21,2019-07-31,morga001,morgaad01
moylape01,1978,12,2,Australia,Western Australia,Attadale,,,,,,,Peter,Moylan,Peter Michael,220,75,R,R,2006-04-12,2018-07-28,moylp001,moylape01
munozya01,1995,1,23,D.R.,Sanchez,Nagua,,,,,,,Yairo,Munoz,Yairo,201,73,R,R,2018-03-29,2019-09-25,munoy001,munozya01
murphda08,1985,4,1,USA,FL,Jacksonville,,,,,,,Daniel,Murphy,Daniel Thomas,221,73,L,R,2008-08-02,2019-09-29,murpd006,murphda08
narvaom01,1992,2,10,Venezuela,Aragua,Maracay,,,,,,,Omar,Narvaez,Omar David,220,71,L,R,2016-07-17,2019-09-29,narvo001,narvaom01
nerishe01,1989,6,14,D.R.,San Cristobal,Villa Altagracia,,,,,,,Hector,Neris,Hector,215,74,R,R,2014-08-05,2019-09-27,nerih001,nerishe01
newmake01,1993,8,4,USA,CA,Poway,,,,,,,Kevin,Newman,Kevin Bradley,195,72,R,R,2018-08-16,2019-09-29,newmk001,newmake01
nolaaa01,1993,6,4,USA,LA,Baton Rouge,,,,,,,Aaron,Nola,Aaron Michael,195,74,R,R,2015-07-21,2019-09-24,nolaa001,nolaaa01
nolaau01,1989,12,28,USA,LA,Baton Rouge,,,,,,,Austin,Nola,Austin Kyle,195,72,R,R,2019-06-16,2019-09-29,nolaa002,nolaau01
nunezed02,1987,6,15,D.R.,Distrito Nacional,Santo Domingo,,,,,,,Eduardo,Nunez,Eduardo Michelle,195,72,R,R,2010-08-19,2019-07-14,nunee002,nunezed02
ohse01,1982,7,15,South Korea,North Jeolla,Jeongeup,,,,,,,Seunghwan,Oh,Seunghwan,205,70,R,R,2016-04-03,2019-05-30,oh--s001,ohse01
ohtansh01,1994,7,5,Japan,Iwate,Oshu,,,,,,,Shohei,Ohtani,Shohei,210,76,L,R,2018-03-29,2019-09-11,ohtas001,ohtansh01
olsonma02,1994,3,29,USA,GA,Atlanta,,,,,,,Matt,Olson,Matthew Kent,230,77,L,R,2016-09-12,2019-09-28,olsom001,olsonma02
oneilty01,1995,6,22,CAN,BC,Burnaby,,,,,,,Tyler,O'Neill,Tyler Alan,210,71,R,R,2018-04-19,2019-09-28,oneit001,oneilty01
osunajo01,1992,12,12,Venezuela,Trujillo,Trujillo,,,,,,,Jose,Osuna,Jose Gregorio,240,74,R,R,2017-04-18,2019-09-29,osunj001,osunajo01
ozunama01,1990,11,12,D.R.,Distrito Nacional,Santo Domingo,,,,,,,Marcell,Ozuna,Marcell,225,73,R,R,2013-04-30,2019-09-29,ozunm001,ozunama01
parkebl01,1985,6,19,USA,AR,Fayetteville,,,,,,,Blake,Parker,Richard Blake,225,75,R,R,2012-05-17,2019-09-29,parkb001,parkebl01
paxtoja01,1988,11,6,CAN,BC,Ladner,,,,,,,James,Paxton,James Alston,235,76,L,L,2013-09-07,2019-09-27,paxtj001,paxtoja01
penafe01,1990,2,25,D.R.,San Pedro de Macoris,San Pedro de Macoris,,,,,,,Felix,Pena,Felix Ricardo,220,74,R,R,2016-08-19,2019-08-03,penaf002,penafe01
petityu01,1984,11,22,Venezuela,Zulia,Maracaibo,,,,,,,Yusmeiro,Petit,Yusmeiro Alberto,255,73,R,R,2006-05-14,2019-09-29,petiy001,petityu01
phelpda01,1986,10,9,USA,MO,St. Louis,,,,,,,David,Phelps,David Edward,200,75,R,R,2012-04-08,2019-09-28,pheld001,phelpda01
pillake01,1989,1,4,USA,CA,West Hills,,,,,,,Kevin,Pillar,Kevin Andrew,210,72,R,R,2013-08-14,2019-09-29,pillk001,pillake01
pindech01,1992,3,29,USA,VA,Richmond,,,,,,,Chad,Pinder,Chadwick Hudson,207,74,R,R,2016-08-20,2019-09-28,pindc001,pindech01
piscost01,1991,1,14,USA,CA,Pleasanton,,,,,,,Stephen,Piscotty,Stephen Edward,205,76,R,R,2015-07-21,2019-09-29,piscs001,piscost01
ponceda01,1992,1,16,USA,CA,La Mirada,,,,,,,Daniel,Ponce de Leon,Daniel Robert,200,75,R,R,2018-07-23,2019-09-24,poncd001,ponceda01
powelbo02,1993,1,14,USA,CA,Irvine,,,,,,,Boog,Powell,Herschel Mack,185,70,L,L,2017-04-29,2018-04-06,poweb002,powelbo02
profaju01,1993,2,20,Curacao,,Willemstad,,,,,,,Jurickson,Profar,Jurickson Barthelomeus,190,72,B,R,2012-09-02,2019-09-29,profj001,profaju01
pujolal01,1980,1,16,D.R.,Distrito Nacional,Santo Domingo,,,,,,,Albert,Pujols,Jose Alberto,235,75,R,R,2001-04-02,2019-09-29,pujoa001,pujolal01
ramirno01,1989,12,22,USA,CA,Los Angeles,,,,,,,Noe,Ramirez,Noe,205,75,R,R,2015-07-03,2019-09-27,ramin002,ramirno01
ramosed02,1992,12,19,Venezuela,Distrito Federal,Caracas,,,,,,,Edubray,Ramos,Edubray Eduar,160,72,R,R,2016-06-24,2019-09-23,ramoe002,ramosed02
ramoswi01,1987,8,10,Venezuela,Carabobo,Valencia,,,,,,,Wilson,Ramos,Wilson Abraham,245,73,R,R,2010-05-02,2019-09-29,ramow001,ramoswi01
ravelra01,1992,4,24,Cuba,La Habana,La Habana,,,,,,,Rangel,Ravelo,Rangel,225,73,R,R,2019-06-17,2019-09-28,raver001,ravelra01
rendoan01,1990,6,6,USA,TX,Houston,,,,,,,Anthony,Rendon,Anthony Michael,200,73,R,R,2013-04-21,2019-09-28,renda001,rendoan01
reyespa01,1993,9,5,D.R.,Distrito Nacional,Santo Domingo,,,,,,,Pablo,Reyes,Pablo,175,68,R,R,2018-09-02,2019-09-29,reyep001,reyespa01
reynobr01,1995,1,27,USA,MD,Baltimore,,,,,,,Bryan,Reynolds,Bryan Patrick,205,75,B,R,2019-04-20,2019-09-25,reynb001,reynobr01
roarkta01,1986,10,5,USA,IL,Wilmington,,,,,,,Tanner,Roark,Tanner B.,240,74,R,R,2013-08-07,2019-09-29,roart001,roarkta01
rodnefe01,1977,3,18,D.R.,Distrito Nacional,Santo Domingo,,,,,,,Fernando,Rodney,Fernando,240,71,R,R,2002-05-04,2019-09-28,rodnf001,rodnefe01
rominau01,1988,11,22,USA,CA,Lake Forest,,,,,,,Austin,Romine,Austin Allen,220,73,R,R,2011-09-11,2019-09-28,romia002,rominau01
rosaram01,1995,11,20,D.R.,Distrito Nacional,Santo Domingo Centro,,,,,,,Amed,Rosario,German Amed,189,74,R,R,2017-08-01,2019-09-29,rosaa003,rosaram01
sanchga02,1992,12,2,D.R.,Distrito Nacional,Santo Domingo,,,,,,,Gary,Sanchez,Gary,230,74,R,R,2015-10-03,2019-09-29,sancg002,sanchga02
santaca01,1986,4,8,D.R.,Distrito Nacional,Santo Domingo,,,,,,,Carlos,Santana,Carlos,210,71,B,R,2010-06-11,2019-09-29,santc002,santaca01
santada01,1990,11,7,D.R.,Monte Plata,Monte Plata,,,,,,,Danny,Santana,Daniel Ernesto,185,71,B,R,2014-05-05,2019-09-29,santd001,santada01
seageky01,1987,11,3,USA,NC,Charlotte,,,,,,,Kyle,Seager,Kyle Duerr,210,72,L,R,2011-07-07,2019-09-29,seagk001,seageky01
semiema01,1990,9,17,USA,CA,San Francisco,,,,,,,Marcus,Semien,Marcus Andrew,195,72,R,R,2013-09-04,2019-09-29,semim001,semiema01
severpe01,1993,7,20,D.R.,Monsenor Nouel,Bonao,,,,,,,Pedro,Severino,Pedro,219,73,R,R,2015-09-20,2019-09-23,sevep001,severpe01
simmoan01,1989,9,4,Curacao,,Mundo Nobo,,,,,,,Andrelton,Simmons,Andrelton A.,195,74,R,R,2012-06-02,2019-09-29,simma001,simmoan01
smithke04,1988,6,28,USA,PA,Pittsburgh,,,,,,,Kevan,Smith,Kevan Alan,240,76,R,R,2016-09-01,2019-09-29,smitk002,smithke04
smoakju01,1986,12,5,USA,SC,Goose Creek,,,,,,,Justin,Smoak,Justin Kyle,220,76,B,L,2010-04-23,2019-09-29,smoaj001,smoakju01
sogarer01,1986,5,22,USA,AZ,Phoenix,,,,,,,Eric,Sogard,Eric Sidney,185,70,L,R,2010-09-14,2019-09-15,sogae001,sogarer01
solarya01,1987,7,3,Venezuela,Carabobo,Valencia,,,,,,,Yangervis,Solarte,Yangervis Alfredo,205,71,B,R,2014-04-02,2019-05-06,solay001,solarya01
soriajo01,1984,5,18,Mexico,Coahuila,Monclova,,,,,,,Joakim,Soria,Joakim Agustin,200,75,R,R,2007-04-04,2019-09-27,sorij001,soriajo01
sosaed01,1996,3,6,Panama,Panama,Panama,,,,,,,Edmundo,Sosa,Edmundo,170,71,R,R,2018-09-23,2019-09-25,sosae001,sosaed01
sotoju01,1998,10,25,D.R.,Distrito Nacional,Santo Domingo,,,,,,,Juan,Soto,Juan Jose,185,73,L,L,2018-05-20,2019-09-29,sotoj001,sotoju01
stewach01,1982,2,19,USA,CA,Fontana,,,,,,,Chris,Stewart,Christopher David,215,76,R,R,2006-09-06,2018-09-25,stewc001,stewach01
suzukku01,1983,10,4,USA,HI,Wailuku,,,,,,,Kurt,Suzuki,Kurt Kiyoshi,210,71,R,R,2007-06-12,2019-09-29,suzuk001,suzukku01
swansda01,1994,2,11,USA,GA,Kennesaw,,,,,,,Dansby,Swanson,James Dansby,190,73,R,R,2016-08-17,2019-09-29,swand001,swansda01
swihabl01,1992,4,3,USA,TX,Bedford,,,,,,,Blake,Swihart,Blake Aubry,200,73,B,R,2015-05-02,2019-08-11,swihb001,swihabl01
tarplst01,1993,2,17,USA,CA,Los Angeles,,,,,,,Stephen,Tarpley,Stephen Nicholas,235,73,R,L,2018-09-02,2019-09-27,tarps001,tarplst01
taylomi02,1991,3,26,USA,FL,Fort Lauderdale,,,,,,,Michael,Taylor,Michael Anthony,212,76,R,R,2014-08-12,2019-09-29,taylm002,taylomi02
teherju01,1991,1,27,Colombia,Bolivar,Cartagena,,,,,,,Julio,Teheran,Julio Alberto,205,74,R,R,2011-05-07,2019-09-24,tehej001,teherju01
tellero01,1995,3,16,USA,CA,Sacramento,,,,,,,Rowdy,Tellez,Ryan John,255,76,L,L,2018-09-05,2019-09-29,tellr001,tellero01
teperry01,1987,11,3,USA,TX,Houston,,,,,,,Ryan,Tepera,Dennis Ryan,195,73,R,R,2015-05-10,2019-09-29,teper001,teperry01
thorntr01,1993,9,30,USA,PA,Pittsburgh,,,,,,,Trent,Thornton,Trent Edward,195,72,R,R,2019-03-31,2019-09-28,thort002,thorntr01
torregl01,1996,12,13,Venezuela,Distrito Federal,Caracas,,,,,,,Gleyber,Torres,Gleyber David,200,73,R,R,2018-04-22,2019-09-29,torrg001,torregl01
tovarwi01,1991,8,11,Venezuela,Miranda,Santa Teresa,,,,,,,Wilfredo,Tovar,Wilfredo Jose,180,67,R,R,2013-09-22,2019-08-21,tovaw001,tovarwi01
travide01,1991,2,21,USA,FL,West Palm Beach,,,,,,,Devon,Travis,Devon Anthony,195,69,R,R,2015-04-06,2018-09-21,travd001,travide01
troutmi01,1991,8,7,USA,NJ,Vineland,,,,,,,Mike,Trout,Michael Nelson,235,74,R,R,2011-07-08,2019-09-07,troum001,troutmi01
tuckepr01,1990,7,6,USA,FL,Tampa,,,,,,,Preston,Tucker,Preston M.,210,72,L,L,2015-05-07,2018-09-30,tuckp001,tuckepr01
tuivasa01,1992,10,19,USA,CA,San Mateo,,,,,,,Sam,Tuivailala,Samuel Johnathan,225,75,R,R,2014-09-09,2019-09-28,tuivs001,tuivasa01
turnetr01,1993,6,30,USA,FL,Boynton Beach,,,,,,,Trea,Turner,Trea Vance,185,74,R,R,2015-08-21,2019-09-29,turnt001,turnetr01
uptonju01,1987,8,25,USA,VA,Norfolk,,,,,,,Justin,Upton,Justin Irvin,215,73,R,R,2007-08-02,2019-09-10,uptoj001,uptonju01
urshegi01,1991,10,11,Colombia,Bolivar,Cartagena,,,,,,,Gio,Urshela,Giovanny,220,72,R,R,2015-06-09,2019-09-29,urshg001,urshegi01
valbulu01,1985,11,30,Venezuela,Zulia,Caja Seca,2018,12,6,Venezuela,Yaracuy,La Morita,Luis,Valbuena,Luis Adan,215,70,L,R,2008-09-02,2018-08-03,valbl001,valbulu01
vargaja01,1983,2,2,USA,CA,Apple Valley,,,,,,,Jason,Vargas,Jason Matthew,215,72,L,L,2005-07-14,2019-09-26,vargj001,vargaja01
vizcaar01,1990,11,13,D.R.,San Cristobal,Yaguate,,,,,,,Arodys,Vizcaino,Arodys,245,72,R,R,2011-08-10,2019-04-07,vizca001,vizcaar01
vogelda01,1992,12,17,USA,FL,Orlando,,,,,,,Dan,Vogelbach,Daniel,250,72,L,R,2016-09-12,2019-09-29,voged001,vogelda01
voitlu01,1991,2,13,USA,MO,Wildwood,,,,,,,Luke,Voit,Louis Linwood,225,75,R,R,2017-06-25,2019-09-28,voitl001,voitlu01
wainwad01,1981,8,30,USA,GA,Brunswick,,,,,,,Adam,Wainwright,Adam Parrish,235,79,R,R,2005-09-11,2019-09-28,waina001,wainwad01
wendejb01,1993,3,24,USA,GA,Savannah,,,,,,,J. B.,Wendelken,Jeffrey Benjamin,240,73,R,R,2016-05-08,2019-09-29,wendj001,wendejb01
willini01,1993,9,8,USA,TX,Galveston,,,,,,,Nick,Williams,Billy Nicholas,195,75,L,L,2017-06-30,2019-09-29,willn001,willini01
winklda01,1990,2,2,USA,IL,Effingham,,,,,,,Dan,Winkler,Daniel Allen,205,75,R,R,2015-09-21,2019-06-14,winkd001,winklda01
wongko01,1990,10,10,USA,HI,Hilo,,,,,,,Kolten,Wong,Kolten Kaha,185,69,L,R,2013-08-16,2019-09-19,wongk001,wongko01
woodbl01,1985,8,8,USA,GA,Atlanta,,,,,,,Blake,Wood,Blake Daniel,233,77,R,R,2010-05-12,2018-04-21,woodb004,woodbl01